insert into hotel (id, name, price,currency,site,address,web_Rating,phone,describe,hotel_link,latitude,longitude,image,image2,image3,image4,category)
values
(1, 'Press Hostel',76,'PLN','kayak.com','Smocza 27, 01-048 Warszawa',4.2,'507 807 232','Press Hostel was created with passion for traveling and meeting new, interesting people. Our mission is to introduce visitors to Warsaw – present one and the one from the past. You can start with museums and other typical attractions reccommended by a guidebook, go with us to a club party.','https://presshostel.com/en/','52.2494087','20.98221','https://www.kayak.pl/rimg/himg/fe/30/c9/arbisoftimages-3184350-press-hostel-hotel-warszawa-012-image.jpg?width=1280&height=856&crop=true&caller=HotelInlineCarousel','https://www.kayak.pl/rimg/himg/fe/30/c9/arbisoftimages-3184350-press-hostel-hotel-warszawa-011-image.jpg?width=1280&height=856&crop=true&caller=HotelInlineCarousel','https://thumbnails.trvl-media.com/JgbPzRdlCGSyOsdqh6EdURI-spE=/773x530/smart/filters:quality(60)/exp.cdn-hotels.com/hotels/20000000/19790000/19782600/19782599/9c593962_z.jpg ','https://s-ec.bstatic.com/xdata/images/hotel/320x400/121213016.jpg?k=e29c68e2438b5934f4b1dd5ea8d110a002f6e43d8ff0439d16af1d527b7ae6cc&o=','Hostel'),
(2, 'Museum Hotel',46,'EUR','booking.com','Mpoumpoulinas 16, Athina 106 82,',4.1,'+30 21 0380 5611','Athens Museum Hotel is a contemporary Athens city hotel located. next to the Athens Archaeological Museum and the Polytechnic University','https://presshostel.com/en/','37.988117','23.733336','https://lh3.googleusercontent.com/p/AF1QipNuDLvDiP9WPY4khakNPQXXdlWDHsP6Uqc2cAtr=w592-h404-n-k-no-v1-rj','https://cdn.webhotelier.net/photos/w=1920/bstwmuseum/L193889.jpg','https://s-ec.bstatic.com/images/hotel/max1024x768/423/4230122.jpg','https://r-cf.bstatic.com/images/hotel/max1024x768/789/7896350.jpg','Hotel'),
(3, 'Hotel Stanford - New York',140,'USD','booking.com','43 W 32nd St, New York, NY 10001,',4.0,'+1 212-563-1500','Hotel Stanford group is a collection of family-owned and operated boutique hotels, each with its own unique style and exciting location. A distinguished vision of old world charm and contemporary convenience, Hotel Stanford group strives to establish an internationally recognized brand for our affordability and captivating hospitality rooted in the values of the Orient.','http://www.hotelstanford.com/about-us-en.html','40.7482035','-73.9874565ho','https://s-ec.bstatic.com/images/hotel/max1024x768/195/195699810.jpg','https://res.cloudinary.com/lastminute/image/upload/c_scale,w_630/q_auto/v1490902875/Executive_Suite-5_wbfvbv.jpg','https://t-ec.bstatic.com/images/hotel/max1280x900/711/7111104.jpg','https://q-xx.bstatic.com/images/hotel/max500/102/102112562.jpg','Hotel'),
(4, 'Hotel Budapest',41,'EUR','booking.com','Budapest, Szilágyi Erzsébet fasor 47',3.6,'+36 1 889 4200','Hotel Budapest – formerly called Round Hotel – caused a major stir as soon as it was built. The high-rise circular building full of windows was considered an architectural oddball, and so in time became one of the symbols of Budapest and a favourite with visitors. With its 15 stories and 64 metres in height, it’s still the tallest hotel in the country. From its higher floors, you get a breathtaking panoramic view of the various landmarks of the Buda and Pest sides of the city. The hotel, located in green surroundings at the foot of the Buda hills, is an excellent choice whether you want to go sightseeing, or you’ve come for a professional event, or if you want to go for a walk in the Buda hills: the buses or trams stopping in front of the hotel will take you to the M2 metro in Széll Kálmán Square in a few minutes, and also to many nice place in Buda, without having to change. The cog-wheel railway, a major tourist attraction in itself, stops right opposite the hotel, offering easy access to the Buda hills. The nearby Városmajor park is a great place for long walks, jogging and other outdoor exercise. ','www.danubiushotels.com','47.5102636','18.943081','https://media-cdn.tripadvisor.com/media/photo-s/15/86/e1/86/hotel-entrance.jpg','https://media-cdn.tripadvisor.com/media/photo-s/09/0c/02/62/corinthia-hotel-budapest.jpg','https://www.corinthia.com/application/files/6714/8396/8956/Exe-king-room.jpg','https://media.kempinski.com/34367372/bathroom-premium-room-kempinski-hotel-budapest.jpg;width=1905;height=794;mode=crop;anchor=middlecenter;autorotate=true;quality=75;scale=both;progressive=true;encoder=freeimage;format=jpg','Hotel'),
(5, 'Radisson Blu Seaside Hotel',86,'EUR','tripadvisor.com','Ruoholahdenranta 3, 00180 Helsinki,',4.2,'+358 20 1234707','Enjoy our comfortable rooms and suites boasting urban design and the Blu Dreams® sleeping experience, with modern amenities such as Free high-speed wireless Internet. The first ever Double King Rooms in Finland will add new and luxurious comfort for families and friendship alike and our two-storied lofts offer big-city atmospheres and magnificent views of the harbor. For movie fans we have now special Movie and Entertainment Rooms. These rooms have been designed to provide unparalleled comfort, entertainment and media access during your stay. Your favorite furry companion is welcomed to Seaside. Pet friendly rooms are available upon request for an additional fee. For food and drink stop by our recently opened Bistro Gimis for a distinctly Helsinki dining experience with fresh seafood as well as local dishes. ','https://www.radissonhotels.com','60.1619361','24.9247062','https://media-cdn.tripadvisor.com/media/photo-s/18/e1/16/f0/exterior.jpg','https://thumbnails.trvl-media.com/bxTDB_wOTcJg7Rss0DnH7gjsXvI=/773x530/smart/filters:quality(60)/images.trvl-media.com/hotels/1000000/20000/16400/16398/dcf87fab_z.jpg','https://www.oyster.com/uploads/sites/35/2019/05/lobby-v14962614-1440-1024x683.jpg','https://tropki.com/images/hotels/b206008206/page/helsinki-radisson-blu-seaside-hotel-helsinki-4.jpg','Hotel');
insert into hotel_rating (id, votes_number,average,hotel_id)
values
(1, 112, 4.8 ,1),
(2, 712, 4.9 ,2),
(3, 231, 4.5 ,3),
(4, 112, 3.1 ,4),
(5, 112, 4.0 ,5);

insert into authority (id, role)
values
(1, 'ROLE_USER'),
(2, 'ROLE_MODERATOR'),
(3, 'ROLE_HOTEL_MANAGER'),
(4, 'ROLE_ADMIN');

insert into flight (id,departure,destination, price, airline,flight_number,expires_At,departure_time,return_time,currency,airline_Iata)
values
(1,'Kraków','Kutaisi',40, 'Wizzair',1,'2019-10-09','2019-10-09','2019-10-09','EUR','W6' ),
(2,'Warsaw','Edynburg',12, 'Ryaair',1,'2019-09-21','2019-09-21','2019-09-30','EUR','FR' ),
(3,'Warsaw','Las Vegas',497, 'Lufthansa',1,'2019-11-05','2019-11-09','2019-11-15','EUR','LH' ),
(4,'Cracov','Las Vegas',621, 'Lufthansa',1,'2019-11-05','2019-11-09','2019-11-15','EUR','LH' );

insert into user_profile(id,avatar,interest1,interest2,interest3, description)
values
(1,'avatar/1.png','Love traveling','Open-minded','Love solve problems', 'Lorem ipsum dolor sit amet, consectetur adipisicing elit.Lorem ipsum dolor sit amet, consectetur adipisicing elit.' ),
(2,'avatar/2.jpg','Lorem ipsum dolor sit amet, consectetur adipisicing elit.','Lorem ipsum dolor sit amet, consectetur adipisicing elit.','Lorem ipsum dolor sit amet, consectetur adipisicing elit.', 'Lorem ipsum dolor sit amet, consectetur adipisicing elit.Lorem ipsum dolor sit amet, consectetur adipisicing elit.'),
(3,'avatar/3.jpg','Moscow,Madrid,Reyavik','A lot! all of Europe and South America','Currently planning a trip to Peru looking for people', 'I love traveling, it gives me a lot of joy and satisfaction! I am open to travel together! If you are interested in the world, you are not afraid of challenges and you like flying, then invite me to your friendship! Lets plan the trip together!'),
(4,'avatar/4.jpg','Lorem ipsum dolor sit amet, consectetur adipisicing elit.','Lorem ipsum dolor sit amet, consectetur adipisicing elit.,', 'Lorem ipsum dolor sit amet, consectetur adipisicing elit','.Lorem ipsum dolor sit amet, consectetur adipisicing elit.' ),
(5,'avatar/5.jpg','Lorem ipsum dolor sit amet, consectetur adipisicing elit.','Lorem ipsum dolor sit amet, consectetur adipisicing elit.','Lorem ipsum dolor sit amet, consectetur adipisicing elit.', 'Lorem ipsum dolor sit amet, consectetur adipisicing elit.Lorem ipsum dolor sit amet, consectetur adipisicing elit.'),
(6,'avatar/6.jpg','Lorem ipsum dolor sit amet, consectetur adipisicing elit.','Lorem ipsum dolor sit amet, consectetur adipisicing elit.','Lorem ipsum dolor sit amet, consectetur adipisicing elit.', 'Lorem ipsum dolor sit amet, consectetur adipisicing elit.Lorem ipsum dolor sit amet, consectetur adipisicing elit.'),
(7,'avatar/7.jpg','Lorem ipsum dolor sit amet, consectetur adipisicing elit.','Lorem ipsum dolor sit amet, consectetur adipisicing elit.,', 'Lorem ipsum dolor sit amet, consectetur adipisicing elit','.Lorem ipsum dolor sit amet, consectetur adipisicing elit.' ),
(8,'avatar/8.jpg','Lorem ipsum dolor sit amet, consectetur adipisicing elit.','Lorem ipsum dolor sit amet, consectetur adipisicing elit.','Lorem ipsum dolor sit amet, consectetur adipisicing elit.', 'Lorem ipsum dolor sit amet, consectetur adipisicing elit.Lorem ipsum dolor sit amet, consectetur adipisicing elit.'),
(9,'avatar/9.jpg','Lorem ipsum dolor sit amet, consectetur adipisicing elit.','Lorem ipsum dolor sit amet, consectetur adipisicing elit.','Lorem ipsum dolor sit amet, consectetur adipisicing elit.', 'Lorem ipsum dolor sit amet, consectetur adipisicing elit.Lorem ipsum dolor sit amet, consectetur adipisicing elit.'),
(10,'avatar/10.jpg','Lorem ipsum dolor sit amet, consectetur adipisicing elit.','Lorem ipsum dolor sit amet, consectetur adipisicing elit.','Lorem ipsum dolor sit amet, consectetur adipisicing elit.', 'Lorem ipsum dolor sit amet, consectetur adipisicing elit.Lorem ipsum dolor sit amet, consectetur adipisicing elit.'),
(11,'avatar/11.jpg','Lorem ipsum dolor sit amet, consectetur adipisicing elit.','Lorem ipsum dolor sit amet, consectetur adipisicing elit.','Lorem ipsum dolor sit amet, consectetur adipisicing elit.', 'Lorem ipsum dolor sit amet, consectetur adipisicing elit.Lorem ipsum dolor sit amet, consectetur adipisicing elit.' ),
(12,'avatar/12.jpg','Lorem ipsum dolor sit amet, consectetur adipisicing elit.','Lorem ipsum dolor sit amet, consectetur adipisicing elit.','Lorem ipsum dolor sit amet, consectetur adipisicing elit.', 'Lorem ipsum dolor sit amet, consectetur adipisicing elit.Lorem ipsum dolor sit amet, consectetur adipisicing elit.');

insert into `user` (id, email, name, password, username, authority_id,userprofile_id)
VALUES
(1, 'krystian.bajun@gmail.com','Krystian Bajun', 'pass', 'admin', 4,1),
(2, 'bezimiennyl@gmail.com','Bezimienny', 'pass', 'bezio', 2,2),
(3, 'martynaGni@gmail.com','Diego Archer', 'pass', 'diego', 1,3),
(4, 'xardas@email.com','Xardas Szareoko', 'pass', 'xardas', 1,4),
(5, 'gorn@email.com','Gorn Wielki', 'pass', 'gorn', 1,5),
(6, 'gomez@hotkiss.com', 'Gomez Hill', 'pass', 'gomez', 1,6),
(7, 'lester@microsoft.com', 'Lester Weed', 'pass', 'lester', 1,7),
(8, 'human@gizmodo.com', 'Human man', 'pass', 'human', 1,8),
(9, 'elf@darkwood.com', 'Dark Elf', 'pass', 'elf', 1,9),
(10, 'Nerevarine@interlude.com', 'Morrowind Nerevarine', 'pass', 'kamael', 1,10),
(11, 'Shepard@ucoz.ru', 'Shepard Peters', 'pass', 'shepard', 1,11),
(12, 'ur-shak@ucoz.ru', 'Ur-Shak ', 'pass', 'Orc', 1,12);

insert into blog (id, status,image,title,header,text,quote,author,date)
values
(1, true,'way.jpg','Why do we love to travel?','Everyone wants to travel the world, whether it is to meet new people, taste new food, or visit new places. Travel is consequently an extremely lucrative industry, but tourist destinations are getting more crowded than ever and associated pollution emissions are only worsening the climate emergency.Why do we travel? In this edition of Editors Talk, four editors from ArchDaily based in Lebanon, the United States, and Chile share their thoughts on the meaning of travel, and why tourists enjoying a beach in a location like Brazil should also care about the cities they visit.','Lorem ipsum dolor sit amet, consectetur adipiscing elit, sed do eiusmod tempor incididunt ut labore et dolore magna aliqua. Etiam tempor orci eu lobortis elementum nibh. Eu sem integer vitae justo. Quam viverra orci sagittis eu. Varius vel pharetra vel turpis nunc eget lorem dolor. Ut aliquam purus sit amet luctus venenatis lectus magna. Porttitor massa id neque aliquam vestibulum morbi blandit cursus. Enim sit amet venenatis urna cursus eget. Eget felis eget nunc lobortis mattis aliquam faucibus. Non curabitur gravida arcu ac. Senectus et netus et malesuada fames ac turpis. Ultrices sagittis orci a scelerisque purus semper eget. Odio euismod lacinia at quis risus sed vulputate odio ut. Fermentum et sollicitudin ac orci. Egestas purus viverra accumsan in. Dis parturient montes nascetur ridiculus mus mauris. Gravida neque convallis a cras semper auctor neque vitae tempus. Volutpat odio facilisis mauris sit. Donec enim diam vulputate ut pharetra sit. Ut etiam sit amet nisl purus. Enim sit amet venenatis urna cursus eget. Enim nec dui nunc mattis. Enim nunc faucibus a pellentesque sit amet porttitor eget. Interdum posuere lorem ipsum dolor sit amet consectetur. Aliquam id diam maecenas ultricies mi eget. Odio eu feugiat pretium nibh ipsum. At lectus urna duis convallis convallis. Commodo sed egestas egestas fringilla phasellus faucibus. Non tellus orci ac auctor augue mauris. Eleifend quam adipiscing vitae proin. Diam maecenas ultricies mi eget mauris pharetra. Commodo viverra maecenas accumsan lacus vel facilisis. Aliquet lectus proin nibh nisl condimentum id venenatis a. Sit amet est placerat in egestas. Morbi tincidunt ornare massa eget egestas purus. Suspendisse potenti nullam ac tortor vitae purus. Nibh mauris cursus mattis molestie a iaculis at erat pellentesque. Nunc eget lorem dolor sed viverra. Scelerisque purus semper eget duis at tellus at urna condimentum. Ultricies mi quis hendrerit dolor magna. Semper auctor neque vitae tempus quam pellentesque nec nam aliquam. Dui vivamus arcu felis bibendum ut tristique. Vel elit scelerisque mauris pellentesque pulvinar pellentesque habitant. Amet mauris commodo quis imperdiet massa tincidunt. Ipsum faucibus vitae aliquet nec ullamcorper. Cursus eget nunc scelerisque viverra mauris in aliquam. Scelerisque eu ultrices vitae auctor eu augue ut lectus arcu. Accumsan in nisl nisi scelerisque eu ultrices. Ultrices mi tempus imperdiet nulla malesuada. Sit amet nulla facilisi morbi tempus iaculis urna id. Leo urna molestie at elementum eu facilisis sed odio morbi. In ornare quam viverra orci sagittis eu volutpat. Nisi est sit amet facilisis magna etiam tempor. Tempor orci dapibus ultrices in iaculis. Duis at consectetur lorem donec massa sapien. Nec sagittis aliquam malesuada bibendum arcu vitae elementum curabitur. Posuere ac ut consequat semper. Libero enim sed faucibus turpis in eu mi bibendum neque. Neque laoreet suspendisse interdum consectetur libero id faucibus nisl tincidunt. Sed turpis tincidunt id aliquet risus feugiat in ante metus. Vitae elementum curabitur vitae nunc sed velit. Et malesuada fames ac turpis egestas sed tempus urna. Id ornare arcu odio ut sem nulla pharetra diam. Eget egestas purus viverra accumsan in nisl nisi scelerisque eu. Vel fringilla est ullamcorper eget nulla facilisi etiam. Tortor posuere ac ut consequat semper viverra nam libero. Nec ullamcorper sit amet risus nullam eget felis eget. Elementum pulvinar etiam non quam lacus suspendisse faucibus interdum posuere. Velit laoreet id donec ultrices. Lectus proin nibh nisl condimentum id venenatis a condimentum. Nullam non nisi est sit. Mi sit amet mauris commodo quis imperdiet massa tincidunt. Nulla pharetra diam sit amet. Integer feugiat scelerisque varius morbi enim nunc. Fermentum et sollicitudin ac orci phasellus. Quis varius quam quisque id. Volutpat consequat mauris nunc congue nisi. Diam quam nulla porttitor massa. Sit amet commodo nulla facilisi nullam vehicula ipsum a. Ipsum dolor sit amet consectetur.','Lorem ipsum dolor sit amet, consectetur adipiscing elit. Integer posuere erat a ante.',' Someone Famous','2019-09-16'),
(2, true,'europe.jpg','Eastern or Western Europe? Where better to eat?','Lorem ipsum dolor sit amet, consectetur adipisicing elit. Ducimus, vero, obcaecati, aut, error quam sapiente nemo saepe quibusdam sit excepturi nam quia corporis eligendi eos magni recusandae laborum minus inventore?','Lorem ipsum dolor sit amet, consectetur adipiscing elit, sed do eiusmod tempor incididunt ut labore et dolore magna aliqua. Etiam tempor orci eu lobortis elementum nibh. Eu sem integer vitae justo. Quam viverra orci sagittis eu. Varius vel pharetra vel turpis nunc eget lorem dolor. Ut aliquam purus sit amet luctus venenatis lectus magna. Porttitor massa id neque aliquam vestibulum morbi blandit cursus. Enim sit amet venenatis urna cursus eget. Eget felis eget nunc lobortis mattis aliquam faucibus. Non curabitur gravida arcu ac. Senectus et netus et malesuada fames ac turpis. Ultrices sagittis orci a scelerisque purus semper eget. Odio euismod lacinia at quis risus sed vulputate odio ut. Fermentum et sollicitudin ac orci. Egestas purus viverra accumsan in. Dis parturient montes nascetur ridiculus mus mauris. Gravida neque convallis a cras semper auctor neque vitae tempus. Volutpat odio facilisis mauris sit. Donec enim diam vulputate ut pharetra sit. Ut etiam sit amet nisl purus. Enim sit amet venenatis urna cursus eget. Enim nec dui nunc mattis. Enim nunc faucibus a pellentesque sit amet porttitor eget. Interdum posuere lorem ipsum dolor sit amet consectetur. Aliquam id diam maecenas ultricies mi eget. Odio eu feugiat pretium nibh ipsum. At lectus urna duis convallis convallis. Commodo sed egestas egestas fringilla phasellus faucibus. Non tellus orci ac auctor augue mauris. Eleifend quam adipiscing vitae proin. Diam maecenas ultricies mi eget mauris pharetra. Commodo viverra maecenas accumsan lacus vel facilisis. Aliquet lectus proin nibh nisl condimentum id venenatis a. Sit amet est placerat in egestas. Morbi tincidunt ornare massa eget egestas purus. Suspendisse potenti nullam ac tortor vitae purus. Nibh mauris cursus mattis molestie a iaculis at erat pellentesque. Nunc eget lorem dolor sed viverra. Scelerisque purus semper eget duis at tellus at urna condimentum. Ultricies mi quis hendrerit dolor magna. Semper auctor neque vitae tempus quam pellentesque nec nam aliquam. Dui vivamus arcu felis bibendum ut tristique. Vel elit scelerisque mauris pellentesque pulvinar pellentesque habitant. Amet mauris commodo quis imperdiet massa tincidunt. Ipsum faucibus vitae aliquet nec ullamcorper. Cursus eget nunc scelerisque viverra mauris in aliquam. Scelerisque eu ultrices vitae auctor eu augue ut lectus arcu. Accumsan in nisl nisi scelerisque eu ultrices. Ultrices mi tempus imperdiet nulla malesuada. Sit amet nulla facilisi morbi tempus iaculis urna id. Leo urna molestie at elementum eu facilisis sed odio morbi. In ornare quam viverra orci sagittis eu volutpat. Nisi est sit amet facilisis magna etiam tempor. Tempor orci dapibus ultrices in iaculis. Duis at consectetur lorem donec massa sapien. Nec sagittis aliquam malesuada bibendum arcu vitae elementum curabitur. Posuere ac ut consequat semper. Libero enim sed faucibus turpis in eu mi bibendum neque. Neque laoreet suspendisse interdum consectetur libero id faucibus nisl tincidunt. Sed turpis tincidunt id aliquet risus feugiat in ante metus. Vitae elementum curabitur vitae nunc sed velit. Et malesuada fames ac turpis egestas sed tempus urna. Id ornare arcu odio ut sem nulla pharetra diam. Eget egestas purus viverra accumsan in nisl nisi scelerisque eu. Vel fringilla est ullamcorper eget nulla facilisi etiam. Tortor posuere ac ut consequat semper viverra nam libero. Nec ullamcorper sit amet risus nullam eget felis eget. Elementum pulvinar etiam non quam lacus suspendisse faucibus interdum posuere. Velit laoreet id donec ultrices. Lectus proin nibh nisl condimentum id venenatis a condimentum. Nullam non nisi est sit. Mi sit amet mauris commodo quis imperdiet massa tincidunt. Nulla pharetra diam sit amet. Integer feugiat scelerisque varius morbi enim nunc. Fermentum et sollicitudin ac orci phasellus. Quis varius quam quisque id. Volutpat consequat mauris nunc congue nisi. Diam quam nulla porttitor massa. Sit amet commodo nulla facilisi nullam vehicula ipsum a. Ipsum dolor sit amet consectetur.','Lorem ipsum dolor sit amet, consectetur adipiscing elit. Integer posuere erat a ante.',' Someone Famous','2019-09-16'),
(3, true,'fjord.jpg','We advise how to see Fjords cheap!','My trip to one of New Zealand’s largest fjords in Fiordland began as I boarded a coach from Queenstown to Manapouri. Little did I know that getting there was an adventure in itself. The two-hour road journey took me down wide valleys, treating me to breathtaking views of mountains, lakes, villages and classic Kiwi meadows dotted with thousands of sheep and cattle, with a quick stop at a quaint cafe on the way.','Lorem ipsum dolor sit amet, consectetur adipiscing elit, sed do eiusmod tempor incididunt ut labore et dolore magna aliqua. Etiam tempor orci eu lobortis elementum nibh. Eu sem integer vitae justo. Quam viverra orci sagittis eu. Varius vel pharetra vel turpis nunc eget lorem dolor. Ut aliquam purus sit amet luctus venenatis lectus magna. Porttitor massa id neque aliquam vestibulum morbi blandit cursus. Enim sit amet venenatis urna cursus eget. Eget felis eget nunc lobortis mattis aliquam faucibus. Non curabitur gravida arcu ac. Senectus et netus et malesuada fames ac turpis. Ultrices sagittis orci a scelerisque purus semper eget. Odio euismod lacinia at quis risus sed vulputate odio ut. Fermentum et sollicitudin ac orci. Egestas purus viverra accumsan in. Dis parturient montes nascetur ridiculus mus mauris. Gravida neque convallis a cras semper auctor neque vitae tempus. Volutpat odio facilisis mauris sit. Donec enim diam vulputate ut pharetra sit. Ut etiam sit amet nisl purus. Enim sit amet venenatis urna cursus eget. Enim nec dui nunc mattis. Enim nunc faucibus a pellentesque sit amet porttitor eget. Interdum posuere lorem ipsum dolor sit amet consectetur. Aliquam id diam maecenas ultricies mi eget. Odio eu feugiat pretium nibh ipsum. At lectus urna duis convallis convallis. Commodo sed egestas egestas fringilla phasellus faucibus. Non tellus orci ac auctor augue mauris. Eleifend quam adipiscing vitae proin. Diam maecenas ultricies mi eget mauris pharetra. Commodo viverra maecenas accumsan lacus vel facilisis. Aliquet lectus proin nibh nisl condimentum id venenatis a. Sit amet est placerat in egestas. Morbi tincidunt ornare massa eget egestas purus. Suspendisse potenti nullam ac tortor vitae purus. Nibh mauris cursus mattis molestie a iaculis at erat pellentesque. Nunc eget lorem dolor sed viverra. Scelerisque purus semper eget duis at tellus at urna condimentum. Ultricies mi quis hendrerit dolor magna. Semper auctor neque vitae tempus quam pellentesque nec nam aliquam. Dui vivamus arcu felis bibendum ut tristique. Vel elit scelerisque mauris pellentesque pulvinar pellentesque habitant. Amet mauris commodo quis imperdiet massa tincidunt. Ipsum faucibus vitae aliquet nec ullamcorper. Cursus eget nunc scelerisque viverra mauris in aliquam. Scelerisque eu ultrices vitae auctor eu augue ut lectus arcu. Accumsan in nisl nisi scelerisque eu ultrices. Ultrices mi tempus imperdiet nulla malesuada. Sit amet nulla facilisi morbi tempus iaculis urna id. Leo urna molestie at elementum eu facilisis sed odio morbi. In ornare quam viverra orci sagittis eu volutpat. Nisi est sit amet facilisis magna etiam tempor. Tempor orci dapibus ultrices in iaculis. Duis at consectetur lorem donec massa sapien. Nec sagittis aliquam malesuada bibendum arcu vitae elementum curabitur. Posuere ac ut consequat semper. Libero enim sed faucibus turpis in eu mi bibendum neque. Neque laoreet suspendisse interdum consectetur libero id faucibus nisl tincidunt. Sed turpis tincidunt id aliquet risus feugiat in ante metus. Vitae elementum curabitur vitae nunc sed velit. Et malesuada fames ac turpis egestas sed tempus urna. Id ornare arcu odio ut sem nulla pharetra diam. Eget egestas purus viverra accumsan in nisl nisi scelerisque eu. Vel fringilla est ullamcorper eget nulla facilisi etiam. Tortor posuere ac ut consequat semper viverra nam libero. Nec ullamcorper sit amet risus nullam eget felis eget. Elementum pulvinar etiam non quam lacus suspendisse faucibus interdum posuere. Velit laoreet id donec ultrices. Lectus proin nibh nisl condimentum id venenatis a condimentum. Nullam non nisi est sit. Mi sit amet mauris commodo quis imperdiet massa tincidunt. Nulla pharetra diam sit amet. Integer feugiat scelerisque varius morbi enim nunc. Fermentum et sollicitudin ac orci phasellus. Quis varius quam quisque id. Volutpat consequat mauris nunc congue nisi. Diam quam nulla porttitor massa. Sit amet commodo nulla facilisi nullam vehicula ipsum a. Ipsum dolor sit amet consectetur.','Lorem ipsum dolor sit amet, consectetur adipiscing elit. Integer posuere erat a ante.',' Someone Famous','2019-09-16'),
(4, false,'poland.jpg','What do we love the most in Poland?','Lorem ipsum dolor sit amet, consectetur adipisicing elit. Ducimus, vero, obcaecati, aut, error quam sapiente nemo saepe quibusdam sit excepturi nam quia corporis eligendi eos magni recusandae laborum minus inventore?','Lorem ipsum dolor sit amet, consectetur adipiscing elit, sed do eiusmod tempor incididunt ut labore et dolore magna aliqua. Etiam tempor orci eu lobortis elementum nibh. Eu sem integer vitae justo. Quam viverra orci sagittis eu. Varius vel pharetra vel turpis nunc eget lorem dolor. Ut aliquam purus sit amet luctus venenatis lectus magna. Porttitor massa id neque aliquam vestibulum morbi blandit cursus. Enim sit amet venenatis urna cursus eget. Eget felis eget nunc lobortis mattis aliquam faucibus. Non curabitur gravida arcu ac. Senectus et netus et malesuada fames ac turpis. Ultrices sagittis orci a scelerisque purus semper eget. Odio euismod lacinia at quis risus sed vulputate odio ut. Fermentum et sollicitudin ac orci. Egestas purus viverra accumsan in. Dis parturient montes nascetur ridiculus mus mauris. Gravida neque convallis a cras semper auctor neque vitae tempus. Volutpat odio facilisis mauris sit. Donec enim diam vulputate ut pharetra sit. Ut etiam sit amet nisl purus. Enim sit amet venenatis urna cursus eget. Enim nec dui nunc mattis. Enim nunc faucibus a pellentesque sit amet porttitor eget. Interdum posuere lorem ipsum dolor sit amet consectetur. Aliquam id diam maecenas ultricies mi eget. Odio eu feugiat pretium nibh ipsum. At lectus urna duis convallis convallis. Commodo sed egestas egestas fringilla phasellus faucibus. Non tellus orci ac auctor augue mauris. Eleifend quam adipiscing vitae proin. Diam maecenas ultricies mi eget mauris pharetra. Commodo viverra maecenas accumsan lacus vel facilisis. Aliquet lectus proin nibh nisl condimentum id venenatis a. Sit amet est placerat in egestas. Morbi tincidunt ornare massa eget egestas purus. Suspendisse potenti nullam ac tortor vitae purus. Nibh mauris cursus mattis molestie a iaculis at erat pellentesque. Nunc eget lorem dolor sed viverra. Scelerisque purus semper eget duis at tellus at urna condimentum. Ultricies mi quis hendrerit dolor magna. Semper auctor neque vitae tempus quam pellentesque nec nam aliquam. Dui vivamus arcu felis bibendum ut tristique. Vel elit scelerisque mauris pellentesque pulvinar pellentesque habitant. Amet mauris commodo quis imperdiet massa tincidunt. Ipsum faucibus vitae aliquet nec ullamcorper. Cursus eget nunc scelerisque viverra mauris in aliquam. Scelerisque eu ultrices vitae auctor eu augue ut lectus arcu. Accumsan in nisl nisi scelerisque eu ultrices. Ultrices mi tempus imperdiet nulla malesuada. Sit amet nulla facilisi morbi tempus iaculis urna id. Leo urna molestie at elementum eu facilisis sed odio morbi. In ornare quam viverra orci sagittis eu volutpat. Nisi est sit amet facilisis magna etiam tempor. Tempor orci dapibus ultrices in iaculis. Duis at consectetur lorem donec massa sapien. Nec sagittis aliquam malesuada bibendum arcu vitae elementum curabitur. Posuere ac ut consequat semper. Libero enim sed faucibus turpis in eu mi bibendum neque. Neque laoreet suspendisse interdum consectetur libero id faucibus nisl tincidunt. Sed turpis tincidunt id aliquet risus feugiat in ante metus. Vitae elementum curabitur vitae nunc sed velit. Et malesuada fames ac turpis egestas sed tempus urna. Id ornare arcu odio ut sem nulla pharetra diam. Eget egestas purus viverra accumsan in nisl nisi scelerisque eu. Vel fringilla est ullamcorper eget nulla facilisi etiam. Tortor posuere ac ut consequat semper viverra nam libero. Nec ullamcorper sit amet risus nullam eget felis eget. Elementum pulvinar etiam non quam lacus suspendisse faucibus interdum posuere. Velit laoreet id donec ultrices. Lectus proin nibh nisl condimentum id venenatis a condimentum. Nullam non nisi est sit. Mi sit amet mauris commodo quis imperdiet massa tincidunt. Nulla pharetra diam sit amet. Integer feugiat scelerisque varius morbi enim nunc. Fermentum et sollicitudin ac orci phasellus. Quis varius quam quisque id. Volutpat consequat mauris nunc congue nisi. Diam quam nulla porttitor massa. Sit amet commodo nulla facilisi nullam vehicula ipsum a. Ipsum dolor sit amet consectetur.','Lorem ipsum dolor sit amet, consectetur adipiscing elit. Integer posuere erat a ante.',' Someone Famous','2019-09-16');

insert into reservation (id,reservation_number,paid,rated)
values
(1,'yywf6lqyrazb',true,false),
(2,'xzf6lqy4zb',true,false),
(3,'vxf6faazb',false,false);

insert into user_final_trip (id,User_Id,hotel_id,flight_id,reservation_id)
values
(1,1,1,1,1),
(2,2,2,2,2),
(3,3,3,3,2);

insert into hotel_Comments(id,enabled,hotel_id,user_id,date,text)
values
(1,true,1,1,'2019-09-14','Beatifull hotel romantic and elegant. I totally recommend :) !!!!!'),
(2,true,2,2,'2019-03-14','Nice hotel , eye- stunning landscape but crew is average..'),
(3,true,3,3,'2019-09-14','I do not reccomend this place. Floor was dirty, and staff very rude :/ '),
(4,true,4,4,'2019-09-14','Great room, super comfy bed and awesome shower. Staff is super friendly, Union is fantastic for drinks and food, and the location is great! Easy walk to everything!'),
(5,true,5,5,'2019-09-14','Nice hotel , eye- stunning landscape but crew is average..'),
(6,true,1,6,'2019-04-14','This is a really cool hotel with very friendly and helpful staff. The rooms are not large but well appointed with everything that you could ask for and very comfortable. :/ '),
(7,true,2,7,'2019-04-14','Beatifull hotel romantic and elegant. I totally recommend :) !!!!!'),
(8,true,3,8,'2019-09-14','Nice hotel , eye- stunning landscape but crew is average..'),
(9,true,4,9,'2019-09-14','hematic hotel (old newspaper building) with interesting acknowledgements of its history in its decor throughout the hotel, including the room. C :/ '),
(10,true,5,10,'2019-09-14','Beatifull hotel romantic and elegant. I totally recommend :) !!!!!'),
(11,true,1,11,'2019-09-14','Jeden z moich ulubionych hoteli. Prasa znajduje się w zabytkowym budynku, w którym mieściła się lokalna gazeta. .'),
(12,true,3,12,'2019-09-14','Wonderful place ! Meals at the highest level. I have to recommend the service and the attractions provided. great time spent!!!  :))) '),
(13,true,2,12,'2019-09-14','This was our first visit to Portland and we couldn’t be happier with our choice to stay here for our Anniversary. The downtown location was perfect :/ '),
(14,true,3,7,'2019-09-14','Beatifull hotel romantic and elegant. I totally recommend :) !!!!!'),
(15,true,4,2,'2019-09-14','Jeden z moich ulubionych hoteli. Prasa znajduje się w zabytkowym budynku, w którym mieściła się lokalna gazeta. .'),
(16,true,3,4,'2019-09-14','Wonderful place ! Meals at the highest level. I have to recommend the service and the attractions provided. great time spent!!!  :))) ');

insert into posts (id,user_id,date,title,post)
values
(1,3,'2019-10-14','A great trip','I was in Madrid last month. Was great. Wonderful people, beautiful architecture. I highly recommend traveling with #bezio. He is a super nice person.'),
(2,3,'2019-09-02','Rainy Riga','Riga greeted me with rainy weather. I traveled with #Orc. We have been there for a week. It rained so much that we were unable to visit everything we planned. But Orc is a great guy. We visited all the bars, the best parties in Europe!'),
(3,3,'2019-08-05','Once again we saved','We were able to visit Scandinavia for only $ 300. Together with #Lester, we planned the trip carefully. This portal has helped us a lot !! The hotel and the flight were very cheap.'),
(4,3,'2019-04-14','Best Trip EVER !! ','It was awesome! There is no more beautiful place in the world than Sicily. We were able to find cheap tickets from Krakow. Beautiful construction, amazing people. Clean beaches. Delicious food !!! Joint trips only with #Orc!'),
(5,4,'2019-02-24','A great trip','I was in Madrid last month. Was great. Wonderful people, beautiful architecture. I highly recommend traveling with #bezio. He is a super nice person.'),
(6,4,'2019-04-30','Rainy Riga','Riga greeted me with rainy weather. I traveled with #Orc. We have been there for a week. It rained so much that we were unable to visit everything we planned. But Orc is a great guy. We visited all the bars, the best parties in Europe!'),
(7,4,'2019-06-24','Once again we saved','We were able to visit Scandinavia for only $ 300. Together with #Lester, we planned the trip carefully. This portal has helped us a lot !! The hotel and the flight were very cheap.'),
(8,4,'2019-08-24','Best Trip EVER !!','It was awesome! There is no more beautiful place in the world than Sicily. We were able to find cheap tickets from Krakow. Beautiful construction, amazing people. Clean beaches. Delicious food !!! Joint trips only with #Orc!');


/*
insert into messages (id,date,message,receiver_id,sender_id,user_id)
values
(1,'2019-10-15','Hello !! Manchester rocks !',3,4,3),
(2,'2019-10-15','Hello !! Manchester rocks !',3,4,4),

(3,'2019-10-16','Really?',4,3,4),
(4,'2019-10-15','Hello !! Manchester rocks !',3,4,3),

(5,'2019-10-17','Yes tottaly, the best place to visit!',3,4,3),
(6,'2019-10-15','Hello !! Manchester rocks !',3,4,4),

(7,'2019-10-18','Hmm, maybe we can plan a trip together?',4,3,3),
(8,'2019-10-18','Hmm, maybe we can plan a trip together?',4,3,4),


(9,'2019-10-19','check what the search engine will find for us!',4,3,3),
(10,'2019-10-19','check what the search engine will find for us!',4,3,4),

(11,'2019-10-20','I found a very cheap hotel near the center and the cheapest flight tickets possible check link : trip/41245gsf',3,4,3),
(12,'2019-10-20','I found a very cheap hotel near the center and the cheapest flight tickets possible check link : trip/41245gsf',3,4,4);

*/

